code,name,net_foreign,net_investment,net_dealer,net_total
"=""00715L""",期街口布蘭特正2 ,11718000.0,0.0,0.0,11718000.0
2884,玉山金          ,49529054.0,0.0,-531825.0,48997229.0
2890,永豐金          ,24649293.0,0.0,-1470517.0,23178776.0
"=""00940""",元大台灣價值高息,5225863.0,0.0,0.0,5225863.0
2888,新光金          ,16768851.0,0.0,0.0,16768851.0
2801,彰銀            ,15992852.0,0.0,0.0,15992852.0
"=""00929""",復華台灣科技優息,10751645.0,0.0,0.0,10751645.0
2330,台積電          ,14504820.0,0.0,358259.0,14863079.0
2609,陽明            ,11490331.0,0.0,22628.0,11512959.0
2883,凱基金          ,12915286.0,0.0,-1955356.0,10959930.0
2834,臺企銀          ,10811786.0,0.0,-382000.0,10429786.0
"=""0056""",元大高股息      ,5600797.0,0.0,100000.0,5700797.0
2892,第一金          ,9082965.0,0.0,-2251.0,9080714.0
3450,聯鈞            ,8398531.0,0.0,0.0,8398531.0
2887,台新金          ,8318191.0,0.0,-52505.0,8265686.0
2891,中信金          ,11797752.0,0.0,-4841285.0,6956467.0
2615,萬海            ,6427926.0,0.0,-299.0,6427627.0
9907,統一實          ,6210801.0,0.0,0.0,6210801.0
6770,力積電          ,6116980.0,0.0,0.0,6116980.0
5880,合庫金          ,6241403.0,0.0,-11162.0,6230241.0
2886,兆豐金          ,5992791.0,0.0,-76226.0,5916565.0
2324,仁寶            ,4707669.0,0.0,-11000.0,4696669.0
6757,台灣虎航        ,4323430.0,0.0,243000.0,4566430.0
"=""00939""",統一台灣高息動能,728000.0,0.0,0.0,728000.0
"=""00642U""",期元大S&P石油   ,788000.0,0.0,0.0,788000.0
1301,台塑            ,4005682.0,0.0,-795.0,4004887.0
6505,台塑化          ,3613668.0,0.0,225709.0,3839377.0
2603,長榮            ,4339237.0,0.0,-29231.0,4310006.0
2409,友達            ,4471547.0,0.0,-89672.0,4381875.0
"=""00930""",永豐ESG低碳高息 ,591000.0,0.0,0.0,591000.0
1101,台泥            ,3696772.0,0.0,-7417.0,3689355.0
2880,華南金          ,4163494.0,0.0,-80838.0,4082656.0
"=""009802""",富邦旗艦50      ,1556000.0,0.0,0.0,1556000.0
2412,中華電          ,3647546.0,0.0,-94952.0,3552594.0
"=""00965""",元大航太防衛科技,-640000.0,0.0,0.0,-640000.0
2317,鴻海            ,4052904.0,0.0,183283.0,4236187.0
2382,廣達            ,2757096.0,0.0,186967.0,2944063.0
2356,英業達          ,2920420.0,0.0,0.0,2920420.0
2885,元大金          ,3037131.0,0.0,92567.0,3129698.0
"=""00946""",群益科技高息成長,375000.0,0.0,0.0,375000.0
3090,日電貿          ,1999767.0,0.0,552371.0,2552138.0
"=""009804""",聯邦台精彩50    ,-684000.0,0.0,0.0,-684000.0
"=""006208""",富邦台50        ,1218245.0,0.0,0.0,1218245.0
5876,上海商銀        ,2254796.0,0.0,50205.0,2305001.0
5871,中租-KY         ,2111587.0,0.0,-48133.0,2063454.0
2515,中工            ,2029035.0,0.0,0.0,2029035.0
"=""00934""",中信成長高股息  ,515906.0,0.0,0.0,515906.0
"=""00669R""",國泰美國道瓊反1 ,0.0,0.0,0.0,0.0
2421,建準            ,1989618.0,0.0,0.0,1989618.0
9933,中鼎            ,1931076.0,0.0,0.0,1931076.0
1312,國喬            ,1457822.0,0.0,0.0,1457822.0
"=""00637L""",元大滬深300正2  ,-6382000.0,0.0,0.0,-6382000.0
6213,聯茂            ,1909886.0,0.0,0.0,1909886.0
2308,台達電          ,1432490.0,0.0,506539.0,1939029.0
2368,金像電          ,781970.0,0.0,1076000.0,1857970.0
2303,聯電            ,2137901.0,0.0,-47064.0,2090837.0
"=""00918""",大華優利高填息30,32000.0,0.0,0.0,32000.0
2010,春源            ,1818325.0,0.0,0.0,1818325.0
2812,台中銀          ,1964567.0,0.0,0.0,1964567.0
2439,美律            ,53551.0,0.0,1684000.0,1737551.0
1216,統一            ,1171330.0,0.0,551978.0,1723308.0
2474,可成            ,1742416.0,0.0,-22000.0,1720416.0
2301,光寶科          ,2284983.0,0.0,-640456.0,1644527.0
2455,全新            ,1144509.0,0.0,270000.0,1414509.0
"=""00936""",台新永續高息中小,17000.0,0.0,0.0,17000.0
1210,大成            ,1403200.0,0.0,96000.0,1499200.0
2838,聯邦銀          ,1566008.0,0.0,0.0,1566008.0
9904,寶成            ,1604539.0,0.0,-14000.0,1590539.0
2897,王道銀行        ,1564004.0,0.0,0.0,1564004.0
1215,卜蜂            ,1084451.0,0.0,410000.0,1494451.0
2367,燿華            ,1488360.0,0.0,0.0,1488360.0
"=""00633L""",富邦上証正2     ,-295000.0,0.0,0.0,-295000.0
"=""00927""",群益半導體收益  ,808000.0,0.0,0.0,808000.0
2383,台光電          ,-42729.0,0.0,1431000.0,1388271.0
"=""00881""",國泰台灣科技龍頭,566000.0,0.0,0.0,566000.0
"=""00885""",富邦越南        ,1409000.0,0.0,0.0,1409000.0
2328,廣宇            ,1187150.0,0.0,0.0,1187150.0
2845,遠東銀          ,1313022.0,0.0,-10000.0,1303022.0
"=""00922""",國泰台灣領袖50  ,-426473.0,0.0,0.0,-426473.0
2633,台灣高鐵        ,1216268.0,0.0,-8000.0,1208268.0
"=""00671R""",富邦NASDAQ反1   ,0.0,0.0,0.0,0.0
2105,正新            ,1309742.0,0.0,-91000.0,1218742.0
"=""0050""",元大台灣50      ,1505504.0,0.0,200000.0,1705504.0
"=""00915""",凱基優選高股息30,38000.0,0.0,0.0,38000.0
3056,富華新          ,1094000.0,0.0,0.0,1094000.0
2332,友訊            ,997058.0,0.0,0.0,997058.0
"=""00655L""",國泰中國A50正2  ,-139000.0,0.0,0.0,-139000.0
1440,南紡            ,980570.0,0.0,0.0,980570.0
3036,文曄            ,1485179.0,0.0,-493000.0,992179.0
1802,台玻            ,789000.0,0.0,0.0,789000.0
2836,高雄銀          ,983002.0,0.0,0.0,983002.0
1102,亞泥            ,1032587.0,0.0,-11000.0,1021587.0
"=""00631L""",元大台灣50正2   ,2803915.0,0.0,0.0,2803915.0
3017,奇鋐            ,497311.0,0.0,-117068.0,380243.0
"=""009803""",保德信市值動能50,6000.0,0.0,0.0,6000.0
2201,裕隆            ,825577.0,0.0,0.0,825577.0
2646,星宇航空        ,768307.0,0.0,0.0,768307.0
"=""00935""",野村臺灣新科技50,461000.0,0.0,0.0,461000.0
2520,冠德            ,808191.0,0.0,0.0,808191.0
"=""00905""",FT臺灣Smart     ,180000.0,0.0,0.0,180000.0
2337,旺宏            ,934700.0,0.0,0.0,934700.0
2345,智邦            ,471592.0,0.0,390893.0,862485.0
"=""00907""",永豐優息存股    ,31000.0,0.0,0.0,31000.0
"=""00892""",富邦台灣半導體  ,286000.0,0.0,0.0,286000.0
5244,弘凱            ,726656.0,0.0,0.0,726656.0
2405,輔信            ,675294.0,0.0,0.0,675294.0
3044,健鼎            ,524206.0,0.0,191000.0,715206.0
"=""00923""",群益台ESG低碳50 ,13100.0,0.0,0.0,13100.0
1605,華新            ,702172.0,0.0,0.0,702172.0
2206,三陽工業        ,620072.0,0.0,62000.0,682072.0
6165,浪凡            ,724600.0,0.0,0.0,724600.0
2610,華航            ,2912191.0,0.0,-1857000.0,1055191.0
6282,康舒            ,630628.0,0.0,0.0,630628.0
"=""00686R""",群益臺灣加權反1 ,0.0,0.0,0.0,0.0
"=""00662""",富邦NASDAQ      ,-1708000.0,0.0,0.0,-1708000.0
"=""00952""",凱基台灣AI50    ,223000.0,0.0,0.0,223000.0
6116,彩晶            ,591017.0,0.0,0.0,591017.0
3019,亞光            ,207011.0,0.0,0.0,207011.0
2489,瑞軒            ,558055.0,0.0,0.0,558055.0
1303,南亞            ,677140.0,0.0,-25107.0,652033.0
2329,華泰            ,593947.0,0.0,0.0,593947.0
6191,精成科          ,724422.0,0.0,0.0,724422.0
2314,台揚            ,595000.0,0.0,0.0,595000.0
2820,華票            ,570002.0,0.0,0.0,570002.0
3029,零壹            ,527419.0,0.0,26000.0,553419.0
2543,皇昌            ,240610.0,0.0,0.0,240610.0
4968,立積            ,517913.0,0.0,0.0,517913.0
"=""00692""",富邦公司治理    ,-48850.0,0.0,0.0,-48850.0
1717,長興            ,520673.0,0.0,0.0,520673.0
1477,聚陽            ,753968.0,0.0,-155000.0,598968.0
2542,興富發          ,466034.0,0.0,0.0,466034.0
2449,京元電子        ,629828.0,0.0,-20000.0,609828.0
2481,強茂            ,479155.0,0.0,0.0,479155.0
"=""00932""",兆豐永續高息等權,14000.0,0.0,0.0,14000.0
1307,三芳            ,-189005.0,0.0,487068.0,298063.0
3703,欣陸            ,464047.0,0.0,0.0,464047.0
1504,東元            ,1622889.0,0.0,-1073000.0,549889.0
8210,勤誠            ,148982.0,0.0,312000.0,460982.0
2912,統一超          ,409440.0,0.0,16888.0,426328.0
2809,京城銀          ,-500544.0,0.0,-71943.0,-572487.0
3704,合勤控          ,442335.0,0.0,0.0,442335.0
2889,國票金          ,593440.0,0.0,-183000.0,410440.0
3062,建漢            ,426000.0,0.0,0.0,426000.0
3209,全科            ,430329.0,0.0,0.0,430329.0
3714,富采            ,408446.0,0.0,0.0,408446.0
6442,光聖            ,373730.0,0.0,8000.0,381730.0
2855,統一證          ,477130.0,0.0,-64318.0,412812.0
1808,潤隆            ,355008.0,0.0,0.0,355008.0
3059,華晶科          ,409002.0,0.0,0.0,409002.0
"=""00690""",兆豐藍籌30      ,-107000.0,0.0,0.0,-107000.0
2363,矽統            ,389965.0,0.0,0.0,389965.0
"=""00938""",凱基優選30      ,152000.0,0.0,0.0,152000.0
1904,正隆            ,404052.0,0.0,0.0,404052.0
"=""00954""",中信日本半導體  ,-257000.0,0.0,0.0,-257000.0
1616,億泰            ,397006.0,0.0,0.0,397006.0
2511,太子            ,339111.0,0.0,0.0,339111.0
3665,貿聯-KY         ,22350.0,0.0,293000.0,315350.0
3035,智原            ,155190.0,0.0,1000.0,156190.0
"=""00648R""",元大S&P500反1   ,-5000.0,0.0,0.0,-5000.0
6799,來頡            ,200290.0,0.0,153000.0,353290.0
2006,東和鋼鐵        ,395855.0,0.0,-32000.0,363855.0
2023,燁輝            ,330416.0,0.0,0.0,330416.0
2357,華碩            ,316376.0,0.0,6850.0,323226.0
2458,義隆            ,337268.0,0.0,-4000.0,333268.0
9911,櫻花            ,317019.0,0.0,0.0,317019.0
3033,威健            ,432495.0,0.0,-9530.0,422965.0
9919,康那香          ,331000.0,0.0,0.0,331000.0
2404,漢唐            ,161280.0,0.0,116000.0,277280.0
"=""00912""",中信臺灣智慧50  ,66000.0,0.0,0.0,66000.0
2453,凌群            ,326030.0,0.0,0.0,326030.0
2377,微星            ,607192.0,0.0,-277000.0,330192.0
3715,定穎投控        ,316734.0,0.0,0.0,316734.0
"=""00651R""",復華香港反1     ,0.0,0.0,0.0,0.0
6412,群電            ,151324.0,0.0,162737.0,314061.0
2103,台橡            ,298902.0,0.0,0.0,298902.0
2476,鉅祥            ,315014.0,0.0,0.0,315014.0
2352,佳世達          ,306067.0,0.0,-6000.0,300067.0
1909,榮成            ,267246.0,0.0,0.0,267246.0
3028,增你強          ,314998.0,0.0,0.0,314998.0
2731,雄獅            ,143012.0,0.0,58000.0,201012.0
6005,群益證          ,202757.0,0.0,88000.0,290757.0
2480,敦陽科          ,293443.0,0.0,0.0,293443.0
5388,中磊            ,267465.0,0.0,0.0,267465.0
8422,可寧衛          ,298201.0,0.0,-650.0,297551.0
"=""00943""",兆豐電子高息等權,59000.0,0.0,0.0,59000.0
2376,技嘉            ,295982.0,0.0,-11000.0,284982.0
"=""00971""",野村美國研發龍頭,-8000.0,0.0,0.0,-8000.0
2109,華豐            ,274106.0,0.0,0.0,274106.0
2607,榮運            ,249678.0,0.0,0.0,249678.0
1316,上曜            ,343986.0,0.0,0.0,343986.0
4949,有成精密        ,262726.0,0.0,0.0,262726.0
3645,達邁            ,275184.0,0.0,0.0,275184.0
1227,佳格            ,237192.0,0.0,0.0,237192.0
6269,台郡            ,247820.0,0.0,-4559.0,243261.0
"=""00921""",兆豐龍頭等權重  ,12000.0,0.0,0.0,12000.0
"=""00894""",中信小資高價30  ,30005.0,0.0,0.0,30005.0
1434,福懋            ,314140.0,0.0,0.0,314140.0
2915,潤泰全          ,585001.0,0.0,-318000.0,267001.0
1309,台達化          ,293999.0,0.0,0.0,293999.0
1905,華紙            ,198753.0,0.0,0.0,198753.0
2427,三商電          ,236618.0,0.0,0.0,236618.0
"=""00731""",復華富時高息低波,167000.0,0.0,0.0,167000.0
8926,台汽電          ,239738.0,0.0,0.0,239738.0
1476,儒鴻            ,335112.0,0.0,-84000.0,251112.0
4564,元翎            ,229837.0,0.0,0.0,229837.0
3027,盛達            ,218545.0,0.0,0.0,218545.0
2431,聯昌            ,213963.0,0.0,0.0,213963.0
1563,巧新            ,222705.0,0.0,0.0,222705.0
2402,毅嘉            ,230428.0,0.0,0.0,230428.0
"=""00685L""",群益臺灣加權正2 ,20000.0,0.0,0.0,20000.0
4763,材料-KY         ,230002.0,0.0,0.0,230002.0
"=""00896""",中信綠能及電動車,-97000.0,0.0,0.0,-97000.0
5608,四維航          ,214701.0,0.0,0.0,214701.0
2208,台船            ,247000.0,0.0,-83000.0,164000.0
3257,虹冠電          ,220695.0,0.0,0.0,220695.0
3596,智易            ,96164.0,0.0,7000.0,103164.0
2355,敬鵬            ,-384139.0,0.0,742787.0,358648.0
1446,宏和            ,214921.0,0.0,0.0,214921.0
2645,長榮航太        ,236758.0,0.0,-28000.0,208758.0
3576,聯合再生        ,200000.0,0.0,0.0,200000.0
6288,聯嘉            ,209767.0,0.0,0.0,209767.0
4540,全球傳動        ,203171.0,0.0,0.0,203171.0
6196,帆宣            ,211865.0,0.0,0.0,211865.0
1229,聯華            ,177132.0,0.0,0.0,177132.0
2454,聯發科          ,271587.0,0.0,-32288.0,239299.0
3189,景碩            ,237406.0,0.0,0.0,237406.0
2347,聯強            ,-143086.0,0.0,346000.0,202914.0
2379,瑞昱            ,432807.0,0.0,-191701.0,241106.0
"=""00961""",FT臺灣永續高息  ,9000.0,0.0,0.0,9000.0
1528,恩德            ,168117.0,0.0,0.0,168117.0
9917,中保科          ,191413.0,0.0,-1000.0,190413.0
9941,裕融            ,192075.0,0.0,0.0,192075.0
8016,矽創            ,197076.0,0.0,-1000.0,196076.0
6919,康霈*           ,182899.0,0.0,0.0,182899.0
1722,台肥            ,140620.0,0.0,-4000.0,136620.0
4142,國光生          ,165001.0,0.0,0.0,165001.0
6962,奕力-KY         ,290180.0,0.0,0.0,290180.0
2017,官田鋼          ,17268.0,0.0,0.0,17268.0
5534,長虹            ,157707.0,0.0,0.0,157707.0
2104,國際中橡        ,146997.0,0.0,0.0,146997.0
6189,豐藝            ,179858.0,0.0,0.0,179858.0
6515,穎崴            ,166084.0,0.0,0.0,166084.0
"=""00941""",中信上游半導體  ,-3472000.0,0.0,0.0,-3472000.0
2605,新興            ,181037.0,0.0,0.0,181037.0
2636,台驊控股        ,241000.0,0.0,0.0,241000.0
"=""00733""",富邦臺灣中小    ,167000.0,0.0,0.0,167000.0
1712,興農            ,181048.0,0.0,-19824.0,161224.0
1609,大亞            ,121830.0,0.0,0.0,121830.0
2504,國產            ,580399.0,0.0,-433000.0,147399.0
8150,南茂            ,159541.0,0.0,0.0,159541.0
6526,達發            ,160352.0,0.0,3000.0,163352.0
4906,正文            ,158036.0,0.0,0.0,158036.0
2536,宏普            ,172001.0,0.0,0.0,172001.0
5469,瀚宇博          ,182373.0,0.0,0.0,182373.0
8404,百和興業-KY     ,161114.0,0.0,0.0,161114.0
3040,遠見            ,150202.0,0.0,0.0,150202.0
2101,南港            ,141001.0,0.0,0.0,141001.0
3011,今皓            ,117994.0,0.0,0.0,117994.0
3406,玉晶光          ,152141.0,0.0,0.0,152141.0
1540,喬福            ,153114.0,0.0,0.0,153114.0
2444,兆勁            ,153000.0,0.0,0.0,153000.0
2034,允強            ,152136.0,0.0,0.0,152136.0
2392,正崴            ,166172.0,0.0,0.0,166172.0
2002,中鋼            ,207783.0,0.0,-2413.0,205370.0
2903,遠百            ,169928.0,0.0,-9415.0,160513.0
5284,jpp-KY          ,116459.0,0.0,-3000.0,113459.0
"=""02001R""",富邦蘋果反一N   ,0.0,0.0,0.0,0.0
"=""00951""",台新日本半導體  ,26000.0,0.0,0.0,26000.0
"=""00893""",國泰智能電動車  ,-1877000.0,0.0,0.0,-1877000.0
2495,普安            ,136932.0,0.0,0.0,136932.0
6669,緯穎            ,-96010.0,0.0,196478.0,100468.0
2020,美亞            ,131524.0,0.0,0.0,131524.0
4572,駐龍            ,41752.0,0.0,65000.0,106752.0
"=""00666R""",富邦琤肭磪齯1 ,0.0,0.0,0.0,0.0
2471,資通            ,133685.0,0.0,0.0,133685.0
4164,承業醫          ,135641.0,0.0,0.0,135641.0
4961,天鈺            ,130965.0,0.0,0.0,130965.0
2106,建大            ,119055.0,0.0,0.0,119055.0
5522,遠雄            ,137193.0,0.0,-21000.0,116193.0
8039,台虹            ,144612.0,0.0,0.0,144612.0
2013,中鋼構          ,127000.0,0.0,0.0,127000.0
3149,正達            ,116894.0,0.0,0.0,116894.0
2258,鴻華先進-創     ,127000.0,0.0,0.0,127000.0
2009,第一銅          ,122524.0,0.0,0.0,122524.0
1519,華城            ,80122.0,0.0,41000.0,121122.0
8213,志超            ,133028.0,0.0,0.0,133028.0
1104,環泥            ,124573.0,0.0,0.0,124573.0
"=""00701""",國泰股利精選30  ,28000.0,0.0,0.0,28000.0
3004,豐達科          ,123750.0,0.0,0.0,123750.0
1907,永豐餘          ,105783.0,0.0,0.0,105783.0
3591,艾笛森          ,135754.0,0.0,0.0,135754.0
3055,蔚華科          ,110302.0,0.0,0.0,110302.0
2501,國建            ,87054.0,0.0,0.0,87054.0
1560,中砂            ,139899.0,0.0,6000.0,145899.0
2417,圓剛            ,108016.0,0.0,0.0,108016.0
3048,益登            ,118464.0,0.0,0.0,118464.0
1582,信錦            ,71905.0,0.0,0.0,71905.0
2102,泰豐            ,95725.0,0.0,0.0,95725.0
4566,時碩工業        ,105662.0,0.0,0.0,105662.0
1310,台苯            ,80000.0,0.0,0.0,80000.0
9945,潤泰新          ,169981.0,0.0,-7000.0,162981.0
3583,辛耘            ,101914.0,0.0,0.0,101914.0
"=""00728""",第一金工業30    ,-22000.0,0.0,0.0,-22000.0
9940,信義            ,112055.0,0.0,-1802.0,110253.0
"=""00730""",富邦臺灣優質高息,-1000.0,0.0,0.0,-1000.0
4571,鈞興-KY         ,107975.0,0.0,0.0,107975.0
1313,聯成            ,76000.0,0.0,0.0,76000.0
6112,邁達特          ,136301.0,0.0,0.0,136301.0
2939,永邑-KY         ,105000.0,0.0,0.0,105000.0
1232,大統益          ,101008.0,0.0,0.0,101008.0
9925,新保            ,104000.0,0.0,0.0,104000.0
5515,建國            ,130372.0,0.0,0.0,130372.0
3023,信邦            ,94932.0,0.0,0.0,94932.0
6585,鼎基            ,83071.0,0.0,0.0,83071.0
3031,佰鴻            ,96000.0,0.0,0.0,96000.0
2908,特力            ,94492.0,0.0,0.0,94492.0
1702,南僑            ,109023.0,0.0,0.0,109023.0
1709,和益            ,117001.0,0.0,0.0,117001.0
"=""0052""",富邦科技        ,70010.0,0.0,0.0,70010.0
9927,泰銘            ,99833.0,0.0,0.0,99833.0
1234,黑松            ,93000.0,0.0,0.0,93000.0
1723,中碳            ,86013.0,0.0,0.0,86013.0
8112,至上            ,156714.0,0.0,-66590.0,90124.0
5531,鄉林            ,91000.0,0.0,0.0,91000.0
1604,聲寶            ,91398.0,0.0,0.0,91398.0
2207,和泰車          ,84312.0,0.0,-1069.0,83243.0
2241,艾姆勒          ,55091.0,0.0,0.0,55091.0
3058,立德            ,84000.0,0.0,0.0,84000.0
2485,兆赫            ,51151.0,0.0,0.0,51151.0
2612,中航            ,91442.0,0.0,0.0,91442.0
2849,安泰銀          ,65966.0,0.0,0.0,65966.0
2340,台亞            ,34699.0,0.0,0.0,34699.0
"=""00681R""",元大美債20反1   ,-3000.0,0.0,0.0,-3000.0
1611,中電            ,55000.0,0.0,0.0,55000.0
"=""00638R""",元大滬深300反1  ,2000.0,0.0,0.0,2000.0
6024,群益期          ,82117.0,0.0,-808.0,81309.0
2440,太空梭          ,81000.0,0.0,0.0,81000.0
1473,台南            ,86950.0,0.0,0.0,86950.0
1589,永冠-KY         ,80663.0,0.0,0.0,80663.0
3008,大立光          ,91440.0,0.0,-4020.0,87420.0
5258,虹堡            ,81687.0,0.0,0.0,81687.0
6166,凌華            ,73773.0,0.0,0.0,73773.0
2462,良得電          ,78135.0,0.0,0.0,78135.0
2505,國揚            ,73000.0,0.0,0.0,73000.0
4746,台耀            ,78593.0,0.0,0.0,78593.0
1455,集盛            ,65299.0,0.0,0.0,65299.0
"=""00904""",新光臺灣半導體30,-5000.0,0.0,0.0,-5000.0
6916,華凌            ,77887.0,0.0,0.0,77887.0
9914,美利達          ,68905.0,0.0,-1000.0,67905.0
2369,菱生            ,65000.0,0.0,0.0,65000.0
7722,LINEPAY         ,74712.0,0.0,0.0,74712.0
2062,橋椿            ,68787.0,0.0,0.0,68787.0
3545,敦泰            ,71350.0,0.0,0.0,71350.0
4722,國精化          ,69062.0,0.0,0.0,69062.0
6901,鑽石投資        ,69953.0,0.0,0.0,69953.0
8131,福懋科          ,65028.0,0.0,0.0,65028.0
4720,德淵            ,73094.0,0.0,0.0,73094.0
1217,愛之味          ,71000.0,0.0,0.0,71000.0
2535,達欣工          ,82347.0,0.0,0.0,82347.0
2423,固緯            ,69051.0,0.0,0.0,69051.0
2539,櫻花建          ,67015.0,0.0,0.0,67015.0
5243,乙盛-KY         ,80394.0,0.0,0.0,80394.0
2450,神腦            ,61402.0,0.0,0.0,61402.0
3535,晶彩科          ,61186.0,0.0,0.0,61186.0
2707,晶華            ,69386.0,0.0,0.0,69386.0
2107,厚生            ,68186.0,0.0,0.0,68186.0
2236,百達-KY         ,80391.0,0.0,0.0,80391.0
3380,明泰            ,99001.0,0.0,0.0,99001.0
6965,中傑-KY         ,65000.0,0.0,0.0,65000.0
1587,吉茂            ,64245.0,0.0,0.0,64245.0
6672,騰輝電子-KY     ,62991.0,0.0,0.0,62991.0
1110,東泥            ,53999.0,0.0,0.0,53999.0
2527,宏璟            ,70537.0,0.0,0.0,70537.0
3607,谷崧            ,64325.0,0.0,0.0,64325.0
2362,藍天            ,53392.0,0.0,0.0,53392.0
2351,順德            ,60009.0,0.0,0.0,60009.0
2929,淘帝-KY         ,75735.0,0.0,0.0,75735.0
"=""00684R""",期元大美元指反1 ,0.0,0.0,0.0,0.0
4771,望隼            ,51936.0,0.0,0.0,51936.0
6625,必應            ,57633.0,0.0,0.0,57633.0
5607,遠雄港          ,58100.0,0.0,0.0,58100.0
"=""00634R""",富邦上証反1     ,18000.0,0.0,0.0,18000.0
2451,創見            ,102639.0,0.0,-20000.0,82639.0
6456,GIS-KY          ,76512.0,0.0,0.0,76512.0
6443,元晶            ,-17398.0,0.0,0.0,-17398.0
4755,三福化          ,58878.0,0.0,0.0,58878.0
6405,悅城            ,43000.0,0.0,0.0,43000.0
3015,全漢            ,53000.0,0.0,-1929.0,51071.0
6216,居易            ,46042.0,0.0,0.0,46042.0
2406,國碩            ,6000.0,0.0,0.0,6000.0
2030,彰源            ,53009.0,0.0,0.0,53009.0
6133,金橋            ,54960.0,0.0,0.0,54960.0
8081,致新            ,59007.0,0.0,-1000.0,58007.0
4976,佳凌            ,46103.0,0.0,0.0,46103.0
8046,南電            ,59600.0,0.0,0.0,59600.0
4952,凌通            ,48221.0,0.0,0.0,48221.0
"=""00901""",永豐智能車供應鏈,8000.0,0.0,0.0,8000.0
6283,淳安            ,64321.0,0.0,0.0,64321.0
2108,南帝            ,49275.0,0.0,0.0,49275.0
1903,士紙            ,47048.0,0.0,0.0,47048.0
1108,幸福            ,50000.0,0.0,0.0,50000.0
"=""020020""",元大台股領航N   ,0.0,0.0,0.0,0.0
"=""00710B""",復華彭博非投等債,-27000.0,0.0,0.0,-27000.0
2467,志聖            ,52372.0,0.0,0.0,52372.0
2905,三商            ,14000.0,0.0,0.0,14000.0
4739,康普            ,29536.0,0.0,0.0,29536.0
3515,華擎            ,38760.0,0.0,0.0,38760.0
3038,全台            ,51199.0,0.0,-1208.0,49991.0
2243,宏旭-KY         ,43512.0,0.0,0.0,43512.0
1442,名軒            ,50337.0,0.0,0.0,50337.0
6592,和潤企業        ,40278.0,0.0,-1000.0,39278.0
2496,卓越            ,6951.0,0.0,0.0,6951.0
2727,王品            ,52905.0,0.0,0.0,52905.0
2748,雲品            ,48301.0,0.0,0.0,48301.0
2228,劍麟            ,48008.0,0.0,0.0,48008.0
2706,第一店          ,40001.0,0.0,0.0,40001.0
3504,揚明光          ,51010.0,0.0,0.0,51010.0
2524,京城            ,52910.0,0.0,0.0,52910.0
6192,巨路            ,47490.0,0.0,0.0,47490.0
9930,中聯資源        ,38417.0,0.0,0.0,38417.0
6743,安普新          ,46409.0,0.0,0.0,46409.0
"=""00675L""",富邦臺灣加權正2 ,1812000.0,0.0,0.0,1812000.0
2701,萬企            ,42000.0,0.0,0.0,42000.0
2375,凱美            ,26616.0,0.0,0.0,26616.0
2608,嘉里大榮        ,38817.0,0.0,0.0,38817.0
6862,三集瑞-KY       ,44790.0,0.0,0.0,44790.0
6689,伊雲谷          ,42518.0,0.0,0.0,42518.0
6257,矽格            ,40024.0,0.0,0.0,40024.0
6115,鎰勝            ,55000.0,0.0,0.0,55000.0
2887E,台新戊特        ,44000.0,0.0,0.0,44000.0
1773,勝一            ,41385.0,0.0,0.0,41385.0
1598,岱宇            ,68966.0,0.0,0.0,68966.0
8271,宇瞻            ,28864.0,0.0,-2178.0,26686.0
6605,帝寶            ,42468.0,0.0,0.0,42468.0
5533,皇鼎            ,39106.0,0.0,0.0,39106.0
"=""00707R""",期元大S&P日圓反1,0.0,0.0,0.0,0.0
8045,達運光電        ,40748.0,0.0,0.0,40748.0
8438,昶昕            ,42101.0,0.0,0.0,42101.0
1614,三洋電          ,35074.0,0.0,0.0,35074.0
2497,怡利電          ,47473.0,0.0,0.0,47473.0
2015,豐興            ,35025.0,0.0,0.0,35025.0
2611,志信            ,39634.0,0.0,0.0,39634.0
2832,台產            ,1001.0,0.0,0.0,1001.0
1817,凱撒衛          ,36147.0,0.0,0.0,36147.0
9938,百和            ,30004.0,0.0,0.0,30004.0
1447,力鵬            ,24000.0,0.0,0.0,24000.0
9921,巨大            ,82970.0,0.0,-43000.0,39970.0
5269,祥碩            ,-98982.0,0.0,138000.0,39018.0
4137,麗豐-KY         ,38949.0,0.0,0.0,38949.0
2348,海悅            ,40461.0,0.0,0.0,40461.0
1321,大洋            ,34027.0,0.0,0.0,34027.0
6719,力智            ,35782.0,0.0,0.0,35782.0
6285,啟            ,62792.0,0.0,-7000.0,55792.0
6214,精誠            ,39536.0,0.0,0.0,39536.0
2316,楠梓電          ,39004.0,0.0,0.0,39004.0
1527,鑽全            ,28000.0,0.0,0.0,28000.0
"=""020039""",元大加權N       ,0.0,0.0,0.0,0.0
2613,中櫃            ,30401.0,0.0,0.0,30401.0
8070,長華*           ,33291.0,0.0,0.0,33291.0
6931,青松健康        ,37000.0,0.0,0.0,37000.0
1109,信大            ,34000.0,0.0,0.0,34000.0
9946,三發地產        ,41910.0,0.0,0.0,41910.0
6168,宏齊            ,37194.0,0.0,0.0,37194.0
"=""006205""",富邦上証        ,-19000.0,0.0,0.0,-19000.0
1445,大宇            ,33004.0,0.0,0.0,33004.0
5907,大洋-KY         ,43000.0,0.0,0.0,43000.0
1457,宜進            ,30000.0,0.0,0.0,30000.0
6431,光麗-KY         ,36000.0,0.0,0.0,36000.0
1342,八貫            ,43046.0,0.0,0.0,43046.0
"=""020034""",元大IC設計N     ,0.0,0.0,0.0,0.0
2913,農林            ,-16000.0,0.0,0.0,-16000.0
6235,華孚            ,27959.0,0.0,0.0,27959.0
"=""00903""",富邦元宇宙      ,-130000.0,0.0,0.0,-130000.0
9937,全國            ,31053.0,0.0,0.0,31053.0
3437,榮創            ,30000.0,0.0,0.0,30000.0
2461,光群雷          ,25681.0,0.0,0.0,25681.0
1436,華友聯          ,32658.0,0.0,0.0,32658.0
3338,泰碩            ,28269.0,0.0,0.0,28269.0
1707,葡萄王          ,33011.0,0.0,0.0,33011.0
2739,寒舍            ,34705.0,0.0,0.0,34705.0
2460,建通            ,28985.0,0.0,0.0,28985.0
2616,山隆            ,29000.0,0.0,0.0,29000.0
3416,融程電          ,31870.0,0.0,0.0,31870.0
"=""00876""",元大全球5G      ,-81000.0,0.0,0.0,-81000.0
6128,上福            ,30131.0,0.0,0.0,30131.0
1437,勤益控          ,29000.0,0.0,0.0,29000.0
8021,尖點            ,29000.0,0.0,0.0,29000.0
3025,星通            ,36850.0,0.0,0.0,36850.0
2546,根基            ,37231.0,0.0,0.0,37231.0
5288,豐祥-KY         ,30133.0,0.0,0.0,30133.0
1506,正道            ,29000.0,0.0,0.0,29000.0
2227,裕日車          ,31000.0,0.0,0.0,31000.0
"=""00645""",富邦日本        ,1000.0,0.0,0.0,1000.0
4569,六方科-KY       ,28863.0,0.0,0.0,28863.0
6205,詮欣            ,26122.0,0.0,0.0,26122.0
2537,聯上發          ,29000.0,0.0,0.0,29000.0
3701,大眾控          ,21849.0,0.0,0.0,21849.0
2705,六福            ,26837.0,0.0,0.0,26837.0
3005,神基            ,84724.0,0.0,-23000.0,61724.0
1617,榮星            ,24663.0,0.0,0.0,24663.0
6136,富爾特          ,40001.0,0.0,0.0,40001.0
3092,鴻碩            ,25816.0,0.0,0.0,25816.0
"=""00911""",兆豐洲際半導體  ,8000.0,0.0,0.0,8000.0
2923,鼎固-KY         ,34000.0,0.0,0.0,34000.0
2414,精技            ,30000.0,0.0,0.0,30000.0
1734,杏輝            ,8981.0,0.0,0.0,8981.0
6854,錼創科技-KY創   ,26551.0,0.0,0.0,26551.0
1417,嘉裕            ,23458.0,0.0,0.0,23458.0
6715,嘉基            ,26294.0,0.0,0.0,26294.0
4414,如興            ,26000.0,0.0,0.0,26000.0
"=""02001L""",富邦蘋果正二N   ,0.0,0.0,0.0,0.0
2506,太設            ,5080.0,0.0,0.0,5080.0
1103,嘉泥            ,13000.0,0.0,0.0,13000.0
5484,慧友            ,25000.0,0.0,0.0,25000.0
1201,味全            ,21000.0,0.0,0.0,21000.0
4935,茂林-KY         ,26259.0,0.0,0.0,26259.0
1612,宏泰            ,38035.0,0.0,0.0,38035.0
1737,臺鹽            ,20020.0,0.0,0.0,20020.0
1459,聯發            ,24000.0,0.0,0.0,24000.0
6142,友勁            ,15000.0,0.0,0.0,15000.0
4551,智伸科          ,5015.0,0.0,0.0,5015.0
6243,迅杰            ,22000.0,0.0,0.0,22000.0
1449,佳和            ,15937.0,0.0,0.0,15937.0
8476,台境*           ,19903.0,0.0,0.0,19903.0
2614,東森            ,18761.0,0.0,0.0,18761.0
"=""00913""",兆豐台灣晶圓製造,2000.0,0.0,0.0,2000.0
"=""0055""",元大MSCI金融    ,62000.0,0.0,0.0,62000.0
2415,錩新            ,26190.0,0.0,0.0,26190.0
"=""00660""",元大歐洲50      ,50.0,0.0,0.0,50.0
3266,昇陽            ,32000.0,0.0,0.0,32000.0
6863,永道-KY         ,21840.0,0.0,0.0,21840.0
1517,利奇            ,19000.0,0.0,0.0,19000.0
1416,廣豐            ,9794.0,0.0,0.0,9794.0
1615,大山            ,19650.0,0.0,0.0,19650.0
"=""020038""",元大ESG配息N    ,0.0,0.0,0.0,0.0
2906,高林            ,20000.0,0.0,0.0,20000.0
9908,大台北          ,20743.0,0.0,0.0,20743.0
6756,威鋒電子        ,19000.0,0.0,0.0,19000.0
3006,晶豪科          ,-23340.0,0.0,0.0,-23340.0
2478,大毅            ,18366.0,0.0,0.0,18366.0
"=""006207""",復華滬深        ,-17000.0,0.0,0.0,-17000.0
6958,日盛台駿        ,15040.0,0.0,0.0,15040.0
1203,味王            ,18024.0,0.0,0.0,18024.0
1558,伸興            ,19000.0,0.0,0.0,19000.0
8105,凌巨            ,-4000.0,0.0,0.0,-4000.0
3652,精聯            ,20000.0,0.0,0.0,20000.0
1463,強盛新          ,29970.0,0.0,0.0,29970.0
3518,柏騰            ,13923.0,0.0,0.0,13923.0
5471,松翰            ,11769.0,0.0,0.0,11769.0
1537,廣隆            ,21009.0,0.0,0.0,21009.0
2338,光罩            ,-2591.0,0.0,0.0,-2591.0
2493,揚博            ,19290.0,0.0,0.0,19290.0
6552,易華電          ,17165.0,0.0,0.0,17165.0
2617,台航            ,33140.0,0.0,0.0,33140.0
1708,東鹼            ,28031.0,0.0,0.0,28031.0
6742,澤米            ,15002.0,0.0,0.0,15002.0
1460,宏遠            ,3000.0,0.0,0.0,3000.0
2509,全坤建          ,15492.0,0.0,0.0,15492.0
"=""00910""",第一金太空衛星  ,1000.0,0.0,0.0,1000.0
2723,美食-KY         ,18890.0,0.0,0.0,18890.0
"=""00656R""",國泰中國A50反1  ,0.0,0.0,0.0,0.0
6201,亞弘電          ,19000.0,0.0,0.0,19000.0
5285,界霖            ,16000.0,0.0,0.0,16000.0
4440,宜新實業        ,15924.0,0.0,0.0,15924.0
3231,緯創            ,-1215000.0,0.0,1494420.0,279420.0
8411,福貞-KY         ,16255.0,0.0,0.0,16255.0
2069,運錩            ,28221.0,0.0,0.0,28221.0
4807,日成-KY         ,18013.0,0.0,0.0,18013.0
1805,寶徠            ,16009.0,0.0,0.0,16009.0
1530,亞崴            ,21000.0,0.0,0.0,21000.0
8367,建新國際        ,25000.0,0.0,0.0,25000.0
9943,好樂迪          ,15870.0,0.0,0.0,15870.0
4770,上品            ,4515.0,0.0,45000.0,49515.0
5525,順天            ,7010.0,0.0,0.0,7010.0
3669,圓展            ,16000.0,0.0,0.0,16000.0
1539,巨庭            ,14000.0,0.0,0.0,14000.0
6914,阜爾運通        ,15888.0,0.0,0.0,15888.0
6531,愛普*           ,9006.0,0.0,1000.0,10006.0
4560,強信-KY         ,33798.0,0.0,0.0,33798.0
4306,炎洲            ,23482.0,0.0,0.0,23482.0
1438,三地開發        ,15057.0,0.0,0.0,15057.0
4989,榮科            ,15024.0,0.0,0.0,15024.0
1731,美吾華          ,14004.0,0.0,0.0,14004.0
6598,ABC-KY          ,15000.0,0.0,0.0,15000.0
"=""020029""",元大ESG高股息N  ,0.0,0.0,0.0,0.0
2022,聚亨            ,11416.0,0.0,0.0,11416.0
2514,龍邦            ,13000.0,0.0,0.0,13000.0
4999,鑫禾            ,14000.0,0.0,0.0,14000.0
6835,圓裕            ,14585.0,0.0,0.0,14585.0
"=""00711B""",復華彭博新興債  ,-25000.0,0.0,0.0,-25000.0
1732,毛寶            ,11005.0,0.0,0.0,11005.0
1340,勝悅-KY         ,14000.0,0.0,0.0,14000.0
6674,鋐寶科技        ,14000.0,0.0,0.0,14000.0
6792,詠業            ,4957.0,0.0,0.0,4957.0
2482,連宇            ,12509.0,0.0,0.0,12509.0
8163,達方            ,16030.0,0.0,-2978.0,13052.0
1467,南緯            ,10603.0,0.0,0.0,10603.0
1325,恆大            ,-5559.0,0.0,0.0,-5559.0
6582,申豐            ,11029.0,0.0,0.0,11029.0
5007,三星            ,11004.0,0.0,0.0,11004.0
1419,新紡            ,7000.0,0.0,0.0,7000.0
2373,震旦行          ,11000.0,0.0,0.0,11000.0
2239,英利-KY         ,8000.0,0.0,0.0,8000.0
2816,旺旺保          ,14003.0,0.0,0.0,14003.0
3308,聯德            ,13214.0,0.0,0.0,13214.0
"=""00682U""",期元大美元指數  ,0.0,0.0,0.0,0.0
1233,天仁            ,11000.0,0.0,0.0,11000.0
"=""020030""",統一智慧電動車N ,0.0,0.0,0.0,0.0
3049,精金            ,12000.0,0.0,0.0,12000.0
2007,燁興            ,11931.0,0.0,0.0,11931.0
8341,日友            ,10692.0,0.0,0.0,10692.0
"=""00762""",元大全球AI      ,-107000.0,0.0,0.0,-107000.0
1474,弘裕            ,13448.0,0.0,0.0,13448.0
1338,廣華-KY         ,11399.0,0.0,0.0,11399.0
"=""0053""",元大電子        ,2000.0,0.0,0.0,2000.0
2704,國賓            ,3277.0,0.0,0.0,3277.0
8463,潤泰材          ,13225.0,0.0,0.0,13225.0
1760,寶齡富錦        ,6162.0,0.0,0.0,6162.0
"=""020028""",元大特選電動車N ,0.0,0.0,0.0,0.0
4942,嘉彰            ,8960.0,0.0,0.0,8960.0
1410,南染            ,9105.0,0.0,0.0,9105.0
3002,歐格            ,10000.0,0.0,0.0,10000.0
3419,譁裕            ,21000.0,0.0,0.0,21000.0
4930,燦星網          ,9000.0,0.0,0.0,9000.0
6464,台數科          ,8999.0,0.0,0.0,8999.0
6271,同欣電          ,18009.0,0.0,0.0,18009.0
2364,倫飛            ,3938.0,0.0,0.0,3938.0
4994,傳奇            ,10083.0,0.0,0.0,10083.0
6108,競國            ,3000.0,0.0,0.0,3000.0
2753,八方雲集        ,16043.0,0.0,0.0,16043.0
3532,台勝科          ,6358.0,0.0,0.0,6358.0
3588,通嘉            ,6405.0,0.0,0.0,6405.0
9905,大華            ,7269.0,0.0,0.0,7269.0
4552,力達-KY         ,10204.0,0.0,0.0,10204.0
4148,全宇生技-KY     ,8000.0,0.0,0.0,8000.0
5538,東明-KY         ,8000.0,0.0,0.0,8000.0
3716,中化控股        ,9000.0,0.0,0.0,9000.0
2483,百容            ,7000.0,0.0,0.0,7000.0
1725,元禎            ,10000.0,0.0,0.0,10000.0
"=""00689R""",國泰20年美債反1 ,0.0,0.0,0.0,0.0
8499,鼎炫-KY         ,9973.0,0.0,0.0,9973.0
4555,氣立            ,10895.0,0.0,0.0,10895.0
6230,尼得科超眾      ,7866.0,0.0,0.0,7866.0
5234,達興材料        ,701.0,0.0,0.0,701.0
4106,雃博            ,7614.0,0.0,0.0,7614.0
2033,佳大            ,3172.0,0.0,0.0,3172.0
1443,立益物流        ,8026.0,0.0,0.0,8026.0
6698,旭暉應材        ,3000.0,0.0,0.0,3000.0
6969,成信實業*-創    ,8000.0,0.0,0.0,8000.0
2248,華勝-KY         ,8000.0,0.0,0.0,8000.0
2430,燦坤            ,7000.0,0.0,0.0,7000.0
1465,偉全            ,5000.0,0.0,0.0,5000.0
1452,宏益            ,8000.0,0.0,0.0,8000.0
6184,大豐電          ,9967.0,0.0,0.0,9967.0
1568,倉佑            ,7893.0,0.0,0.0,7893.0
1535,中宇            ,7841.0,0.0,-1106.0,6735.0
"=""00947""",台新臺灣IC設計  ,-183000.0,0.0,0.0,-183000.0
"=""00925""",新光標普電動車  ,0.0,0.0,0.0,0.0
2910,統領            ,7019.0,0.0,0.0,7019.0
4155,訊映            ,4000.0,0.0,0.0,4000.0
6754,匯僑設計        ,8000.0,0.0,0.0,8000.0
1454,台富            ,8000.0,0.0,0.0,8000.0
1521,大億            ,2999.0,0.0,0.0,2999.0
6923,中台            ,5990.0,0.0,0.0,5990.0
2397,友通            ,10232.0,0.0,0.0,10232.0
1339,昭輝            ,5174.0,0.0,0.0,5174.0
1603,華電            ,7098.0,0.0,0.0,7098.0
1315,達新            ,5035.0,0.0,0.0,5035.0
4737,華廣            ,5001.0,0.0,0.0,5001.0
3494,誠研            ,6000.0,0.0,0.0,6000.0
2702,華園            ,6000.0,0.0,0.0,6000.0
1323,永裕            ,6000.0,0.0,0.0,6000.0
1475,業旺            ,5998.0,0.0,0.0,5998.0
2302,麗正            ,-4226.0,0.0,0.0,-4226.0
6906,現觀科          ,5766.0,0.0,0.0,5766.0
2488,漢平            ,18548.0,0.0,0.0,18548.0
6533,晶心科          ,-7805.0,0.0,0.0,-7805.0
"=""00962""",台新AI優息動能  ,-102000.0,0.0,0.0,-102000.0
4956,光鋐            ,1081.0,0.0,0.0,1081.0
5215,科嘉-KY         ,4049.0,0.0,0.0,4049.0
1726,永記            ,4039.0,0.0,0.0,4039.0
6277,宏正            ,6030.0,0.0,0.0,6030.0
1583,程泰            ,9026.0,0.0,0.0,9026.0
1776,展宇            ,7000.0,0.0,0.0,7000.0
1531,高林股          ,-9000.0,0.0,0.0,-9000.0
6534,正瀚-創         ,5000.0,0.0,0.0,5000.0
6776,展眥篕        ,5000.0,0.0,0.0,5000.0
3321,同泰            ,5000.0,0.0,0.0,5000.0
2911,麗嬰房          ,5000.0,0.0,0.0,5000.0
"=""00735""",國泰臺韓科技    ,13000.0,0.0,0.0,13000.0
1906,寶隆            ,3000.0,0.0,0.0,3000.0
4119,旭富            ,2905.0,0.0,0.0,2905.0
6155,鈞寶            ,2907.0,0.0,0.0,2907.0
2115,六暉-KY         ,2898.0,0.0,0.0,2898.0
1626,艾美特-KY       ,9757.0,0.0,0.0,9757.0
"=""006204""",永豐臺灣加權    ,5000.0,0.0,0.0,5000.0
4536,拓凱            ,3276.0,0.0,0.0,3276.0
1533,車王電          ,7151.0,0.0,0.0,7151.0
2904,匯僑            ,3047.0,0.0,0.0,3047.0
6952,大武山          ,4040.0,0.0,0.0,4040.0
2028,威致            ,1.0,0.0,0.0,1.0
2433,互盛電          ,2000.0,0.0,0.0,2000.0
2712,遠雄來          ,4000.0,0.0,0.0,4000.0
"=""01009T""",王道圓滿R1      ,4000.0,0.0,0.0,4000.0
6655,科定            ,4000.0,0.0,0.0,4000.0
6949,沛爾生醫-創     ,6000.0,0.0,0.0,6000.0
8443,阿瘦            ,4000.0,0.0,0.0,4000.0
"=""0051""",元大中型100     ,0.0,0.0,0.0,0.0
1752,南光            ,2933.0,0.0,0.0,2933.0
6477,安集            ,3325.0,0.0,0.0,3325.0
1444,力麗            ,-57038.0,0.0,0.0,-57038.0
6666,羅麗芬-KY       ,3096.0,0.0,0.0,3096.0
3043,科風            ,4047.0,0.0,0.0,4047.0
2762,世界健身-KY     ,2033.0,0.0,0.0,2033.0
1713,國化            ,10005.0,0.0,0.0,10005.0
"=""020000""",富邦特選蘋果N   ,0.0,0.0,0.0,0.0
"=""020018""",統一價值成長30N ,0.0,0.0,0.0,0.0
"=""020032""",元大綠能N       ,0.0,0.0,0.0,0.0
3057,喬鼎            ,5000.0,0.0,0.0,5000.0
2901,欣欣            ,3000.0,0.0,0.0,3000.0
2891C,中信金丙特      ,0.0,0.0,0.0,0.0
6423,億而得-創       ,19000.0,0.0,0.0,19000.0
6581,鋼聯            ,-2011.0,0.0,0.0,-2011.0
6141,柏承            ,2000.0,0.0,0.0,2000.0
6861,睿生光電        ,-68.0,0.0,0.0,-68.0
2114,鑫永銓          ,4911.0,0.0,0.0,4911.0
1423,利華            ,4000.0,0.0,0.0,4000.0
8940,新天地          ,-546.0,0.0,0.0,-546.0
1733,五鼎            ,4348.0,0.0,0.0,4348.0
3557,嘉威            ,7299.0,0.0,0.0,7299.0
"=""00783""",富邦中証500     ,0.0,0.0,0.0,0.0
6645,金萬林-創       ,-1000.0,0.0,0.0,-1000.0
6504,南六            ,3060.0,0.0,0.0,3060.0
3026,禾伸堂          ,6016.0,0.0,0.0,6016.0
2722,夏都            ,2002.0,0.0,0.0,2002.0
2254,巨鎧精密-創     ,3000.0,0.0,0.0,3000.0
1441,大東            ,1000.0,0.0,0.0,1000.0
1439,雋揚            ,4000.0,0.0,0.0,4000.0
1525,江申            ,2000.0,0.0,0.0,2000.0
1324,地球            ,2000.0,0.0,0.0,2000.0
6281,全國電          ,8000.0,0.0,0.0,8000.0
9912,偉聯            ,2000.0,0.0,0.0,2000.0
1413,宏洲            ,3000.0,0.0,0.0,3000.0
1730,花仙子          ,1000.0,0.0,0.0,1000.0
2012,春雨            ,5999.0,0.0,0.0,5999.0
2459,敦吉            ,779.0,0.0,0.0,779.0
"=""00661""",元大日經225     ,2000.0,0.0,0.0,2000.0
2393,億光            ,-106824.0,0.0,81000.0,-25824.0
8261,富鼎            ,7145.0,0.0,0.0,7145.0
1236,宏亞            ,1029.0,0.0,0.0,1029.0
"=""00899""",FT潔淨能源      ,0.0,0.0,0.0,0.0
4764,雙鍵            ,1009.0,0.0,0.0,1009.0
4581,光隆精密-KY     ,2000.0,0.0,0.0,2000.0
5546,永固-KY         ,1000.0,0.0,0.0,1000.0
2891B,中信金乙特      ,0.0,0.0,0.0,0.0
2945,三商家購        ,1000.0,0.0,0.0,1000.0
3686,達能            ,1000.0,0.0,0.0,1000.0
8488,吉源-KY         ,1000.0,0.0,0.0,1000.0
8481,政伸            ,0.0,0.0,0.0,0.0
9918,欣天然          ,1000.0,0.0,0.0,1000.0
6573,虹揚-KY         ,1000.0,0.0,0.0,1000.0
"=""006203""",元大MSCI台灣    ,0.0,0.0,0.0,0.0
1235,興泰            ,-1000.0,0.0,0.0,-1000.0
1541,錩泰            ,1000.0,0.0,0.0,1000.0
1435,中福            ,1000.0,0.0,0.0,1000.0
2491,吉祥全          ,1000.0,0.0,0.0,1000.0
7631,聚賢研發-創     ,0.0,0.0,0.0,0.0
4190,佐登-KY         ,912.0,0.0,0.0,912.0
3501,維熹            ,12866.0,0.0,0.0,12866.0
9942,茂順            ,3724.0,0.0,0.0,3724.0
"=""0057""",富邦摩台        ,-1000.0,0.0,0.0,-1000.0
1735,日勝化          ,4000.0,0.0,0.0,4000.0
2024,志聯            ,52.0,0.0,0.0,52.0
1418,東華            ,-993.0,0.0,0.0,-993.0
9926,新海            ,6.0,0.0,0.0,6.0
9931,欣高            ,0.0,0.0,0.0,0.0
6794,向榮生技-創     ,0.0,0.0,0.0,0.0
8466,美吉吉-KY       ,0.0,0.0,0.0,0.0
8429,金麗-KY         ,0.0,0.0,0.0,0.0
8201,無敵            ,-1000.0,0.0,0.0,-1000.0
7732,金興精密        ,-1000.0,0.0,0.0,-1000.0
8162,微矽電子-創     ,10000.0,0.0,0.0,10000.0
3543,州巧            ,-6000.0,0.0,0.0,-6000.0
3296,勝德            ,-3000.0,0.0,0.0,-3000.0
3150,鈺寶-創         ,0.0,0.0,0.0,0.0
4439,冠星-KY         ,-1000.0,0.0,0.0,-1000.0
"=""00657K""",國泰日經225+U   ,0.0,0.0,0.0,0.0
"=""00636K""",國泰中國A50+U   ,0.0,0.0,0.0,0.0
"=""00668K""",國泰美國道瓊+U  ,0.0,0.0,0.0,0.0
"=""00851""",台新全球AI      ,0.0,0.0,0.0,0.0
9929,秋雨            ,0.0,0.0,0.0,0.0
6641,基士德-KY       ,-2.0,0.0,0.0,-2.0
2434,統懋            ,-35.0,0.0,0.0,-35.0
1456,怡華            ,-1047.0,0.0,0.0,-1047.0
2881C,富邦金丙特      ,-69.0,0.0,0.0,-69.0
5306,桂盟            ,-1258.0,0.0,0.0,-1258.0
"=""00640L""",富邦日本正2     ,33000.0,0.0,0.0,33000.0
9924,福興            ,90651.0,0.0,-93413.0,-2762.0
1470,大統新創        ,135.0,0.0,0.0,135.0
8482,商億-KY         ,0.0,0.0,0.0,0.0
6796,晉弘            ,-2000.0,0.0,0.0,-2000.0
6671,三能-KY         ,2000.0,0.0,0.0,2000.0
6902,GOGOLOOK-創     ,-1000.0,0.0,0.0,-1000.0
6955,邦睿生技-創     ,1000.0,0.0,0.0,1000.0
3054,立萬利          ,-1000.0,0.0,0.0,-1000.0
1468,昶和            ,-1000.0,0.0,0.0,-1000.0
"=""02001S""",策元大加權策略N ,0.0,0.0,0.0,0.0
"=""00775B""",新光投等債15+   ,-38000.0,0.0,0.0,-38000.0
"=""00736""",國泰新興市場    ,0.0,0.0,0.0,0.0
2008,高興昌          ,-2000.0,0.0,0.0,-2000.0
1414,東和            ,-19001.0,0.0,0.0,-19001.0
6239,力成            ,-116072.0,0.0,123000.0,6928.0
3168,眾福科          ,-1070.0,0.0,0.0,-1070.0
6183,關貿            ,-2136.0,0.0,0.0,-2136.0
6579,研揚            ,5738.0,0.0,0.0,5738.0
"=""00920""",富邦ESG綠色電力 ,-449000.0,0.0,0.0,-449000.0
"=""00861""",元大全球未來通訊,0.0,0.0,0.0,0.0
"=""01010T""",京城樂富R1      ,-2000.0,0.0,0.0,-2000.0
4934,太極            ,-2000.0,0.0,0.0,-2000.0
6226,光鼎            ,-2000.0,0.0,0.0,-2000.0
3432,台端            ,-2000.0,0.0,0.0,-2000.0
3593,力銘            ,-2000.0,0.0,0.0,-2000.0
2432,倚天酷-創     ,1000.0,0.0,0.0,1000.0
"=""00657""",國泰日經225     ,-1000.0,0.0,0.0,-1000.0
1720,生達            ,-4066.0,0.0,0.0,-4066.0
"=""00739""",元大MSCI A股    ,0.0,0.0,0.0,0.0
5292,華懋            ,1835.0,0.0,0.0,1835.0
1710,東聯            ,-52000.0,0.0,0.0,-52000.0
5519,隆大            ,32365.0,0.0,0.0,32365.0
1304,台聚            ,-13000.0,0.0,0.0,-13000.0
8487,愛爾達-創       ,0.0,0.0,0.0,0.0
4426,利勤            ,-2958.0,0.0,0.0,-2958.0
1341,富林-KY         ,-1000.0,0.0,0.0,-1000.0
1516,川飛            ,-3000.0,0.0,0.0,-3000.0
3164,景岳            ,-10113.0,0.0,0.0,-10113.0
4133,亞諾法          ,-4341.0,0.0,0.0,-4341.0
2419,仲琦            ,-9365.0,0.0,0.0,-9365.0
6957,裕慶-KY         ,-4000.0,0.0,0.0,-4000.0
8442,威宏-KY         ,-4000.0,0.0,0.0,-4000.0
6409,旭隼            ,-5042.0,0.0,0.0,-5042.0
6449,鈺邦            ,4980.0,0.0,0.0,4980.0
1783,和康生          ,-8137.0,0.0,0.0,-8137.0
6933,AMAX-KY         ,-3227.0,0.0,0.0,-3227.0
3622,洋華            ,-2237.0,0.0,0.0,-2237.0
5283,禾聯碩          ,-4964.0,0.0,0.0,-4964.0
"=""00895""",富邦未來車      ,-1043000.0,0.0,0.0,-1043000.0
3305,昇貿            ,-6481.0,0.0,0.0,-6481.0
"=""00703""",台新MSCI中國    ,-4000.0,0.0,0.0,-4000.0
6887,寶綠特-KY       ,-7000.0,0.0,0.0,-7000.0
2424,隴華            ,-6000.0,0.0,0.0,-6000.0
1471,首利            ,-6000.0,0.0,0.0,-6000.0
4919,新唐            ,-10051.0,0.0,-1000.0,-11051.0
6869,雲豹能源        ,3005.0,0.0,0.0,3005.0
2250,IKKA-KY         ,-6377.0,0.0,0.0,-6377.0
3679,新至陞          ,-1000.0,0.0,0.0,-1000.0
6606,建德工業        ,-708.0,0.0,0.0,-708.0
"=""00909""",國泰數位支付服務,-1342000.0,0.0,0.0,-1342000.0
6164,華興            ,-6920.0,0.0,0.0,-6920.0
2247,汎德永業        ,34005.0,0.0,-40000.0,-5995.0
6657,華安            ,-7000.0,0.0,0.0,-7000.0
"=""00714""",群益道瓊美國地產,0.0,0.0,0.0,0.0
6525,捷敏-KY         ,-32.0,0.0,0.0,-32.0
3592,瑞鼎            ,-6236.0,0.0,0.0,-6236.0
2642,宅配通          ,-10245.0,0.0,0.0,-10245.0
6491,晶碩            ,21305.0,0.0,-30000.0,-8695.0
8462,柏文            ,-8523.0,0.0,0.0,-8523.0
9902,台火            ,-10283.0,0.0,0.0,-10283.0
2882B,國泰金乙特      ,-9000.0,0.0,0.0,-9000.0
"=""00902""",中信電池及儲能  ,-934000.0,0.0,0.0,-934000.0
6771,平和環保-創     ,-4000.0,0.0,0.0,-4000.0
1453,大將            ,-17952.0,0.0,0.0,-17952.0
2413,環科            ,-8973.0,0.0,0.0,-8973.0
7736,虎山            ,-9000.0,0.0,0.0,-9000.0
3694,海華            ,-8838.0,0.0,0.0,-8838.0
3016,嘉晶            ,-26879.0,0.0,0.0,-26879.0
6928,攸泰科技        ,-13956.0,0.0,0.0,-13956.0
9934,成霖            ,62000.0,0.0,0.0,62000.0
9944,新麗            ,-12000.0,0.0,0.0,-12000.0
2597,潤弘            ,87779.0,0.0,-99000.0,-11221.0
6658,聯策            ,-12546.0,0.0,0.0,-12546.0
912000,晨訊科-DR       ,-11000.0,0.0,0.0,-11000.0
1219,福壽            ,-6859.0,0.0,0.0,-6859.0
1432,大魯閣          ,-12000.0,0.0,0.0,-12000.0
"=""00964""",中信亞太高股息  ,79000.0,0.0,0.0,79000.0
1762,中化生          ,-15004.0,0.0,0.0,-15004.0
3130,一零四          ,-12854.0,0.0,0.0,-12854.0
"=""00770""",國泰北美科技    ,-293000.0,0.0,0.0,-293000.0
6838,台新藥          ,-18260.0,0.0,0.0,-18260.0
6937,天虹            ,-14468.0,0.0,0.0,-14468.0
2438,翔耀            ,-14000.0,0.0,0.0,-14000.0
4104,佳醫            ,-12024.0,0.0,0.0,-12024.0
4588,玖鼎電力        ,-14940.0,0.0,0.0,-14940.0
1256,鮮活果汁-KY     ,-15143.0,0.0,0.0,-15143.0
6426,統新            ,-24750.0,0.0,0.0,-24750.0
2342,茂矽            ,-5708.0,0.0,0.0,-5708.0
"=""00647L""",元大S&P500正2   ,-12000.0,0.0,0.0,-12000.0
2390,云辰            ,-15899.0,0.0,0.0,-15899.0
"=""00717""",富邦美國特別股  ,13000.0,0.0,0.0,13000.0
2601,益航            ,-29012.0,0.0,0.0,-29012.0
"=""00944""",野村趨勢動能高息,168000.0,0.0,0.0,168000.0
6806,森崴能源        ,-17893.0,0.0,0.0,-17893.0
"=""00771""",元大US高息特別股,0.0,0.0,0.0,0.0
2360,致茂            ,-53106.0,0.0,30000.0,-23106.0
1220,台榮            ,-16997.0,0.0,0.0,-16997.0
2850,新產            ,-12999.0,0.0,0.0,-12999.0
6807,峰源-KY         ,-18015.0,0.0,0.0,-18015.0
3021,鴻名            ,-18270.0,0.0,0.0,-18270.0
2457,飛宏            ,-17216.0,0.0,0.0,-17216.0
9136,巨騰-DR         ,-18000.0,0.0,0.0,-18000.0
4912,聯德控股-KY     ,-17560.0,0.0,0.0,-17560.0
9906,欣巴巴          ,-18045.0,0.0,0.0,-18045.0
1515,力山            ,-42025.0,0.0,0.0,-42025.0
5225,東科-KY         ,-18289.0,0.0,0.0,-18289.0
6209,今國光          ,-25055.0,0.0,0.0,-25055.0
4108,懷特            ,-22000.0,0.0,0.0,-22000.0
8454,富邦媒          ,-20242.0,0.0,-1000.0,-21242.0
4557,永新-KY         ,-20463.0,0.0,0.0,-20463.0
"=""00663L""",國泰臺灣加權正2 ,8000.0,0.0,0.0,8000.0
2025,千興            ,-90000.0,0.0,0.0,-90000.0
"=""00850""",元大臺灣ESG永續 ,86000.0,0.0,-38000.0,48000.0
9103,美德醫療-DR     ,-24000.0,0.0,0.0,-24000.0
"=""006206""",元大上證50      ,-7000.0,0.0,0.0,-7000.0
1789,神隆            ,-30960.0,0.0,0.0,-30960.0
2388,威盛            ,-69839.0,0.0,1000.0,-68839.0
3052,夆典            ,-23993.0,0.0,0.0,-23993.0
5203,訊連            ,-17696.0,0.0,0.0,-17696.0
8478,東哥遊艇        ,-22541.0,0.0,0.0,-22541.0
3346,麗清            ,-16559.0,0.0,0.0,-16559.0
6451,訊芯-KY         ,-45468.0,0.0,0.0,-45468.0
2881B,富邦金乙特      ,0.0,0.0,0.0,0.0
2305,全友            ,-28000.0,0.0,0.0,-28000.0
2851,中再保          ,24903.0,0.0,0.0,24903.0
4736,泰博            ,-25946.0,0.0,0.0,-25946.0
"=""00875""",國泰網路資安    ,-23000.0,0.0,0.0,-23000.0
6202,盛群            ,-33561.0,0.0,0.0,-33561.0
3550,聯穎            ,-29799.0,0.0,0.0,-29799.0
3454,晶睿            ,-27630.0,0.0,0.0,-27630.0
3530,晶相光          ,-30780.0,0.0,0.0,-30780.0
2441,超豐            ,-11709.0,0.0,0.0,-11709.0
2032,新鋼            ,-38047.0,0.0,0.0,-38047.0
910861,神州-DR         ,-32000.0,0.0,0.0,-32000.0
8464,億豐            ,334363.0,0.0,-369000.0,-34637.0
1451,年興            ,-34953.0,0.0,0.0,-34953.0
6591,動力-KY         ,-28001.0,0.0,0.0,-28001.0
1727,中華化          ,-37007.0,0.0,0.0,-37007.0
1806,冠軍            ,-38606.0,0.0,0.0,-38606.0
3030,德律            ,-35527.0,0.0,0.0,-35527.0
2420,新巨            ,-32539.0,0.0,0.0,-32539.0
1472,三洋實業        ,-34955.0,0.0,0.0,-34955.0
2029,盛餘            ,-33039.0,0.0,0.0,-33039.0
6224,聚鼎            ,-36485.0,0.0,0.0,-36485.0
"=""00668""",國泰美國道瓊    ,6.0,0.0,0.0,6.0
3094,聯傑            ,-40019.0,0.0,0.0,-40019.0
2323,中環            ,-101206.0,0.0,0.0,-101206.0
2545,皇翔            ,-41393.0,0.0,0.0,-41393.0
6117,迎廣            ,-38718.0,0.0,0.0,-38718.0
6414,樺漢            ,-22886.0,0.0,-5000.0,-27886.0
5706,鳳凰            ,-43945.0,0.0,0.0,-43945.0
2059,川湖            ,23662.0,0.0,-76000.0,-52338.0
8467,波力-KY         ,-41078.0,0.0,0.0,-41078.0
2477,美隆電          ,-21450.0,0.0,0.0,-21450.0
1101B,台泥乙特        ,0.0,0.0,0.0,0.0
6120,達運            ,-16000.0,0.0,0.0,-16000.0
6416,瑞祺電通        ,-45093.0,0.0,0.0,-45093.0
8028,昇陽半導體      ,-23992.0,0.0,0.0,-23992.0
2442,新美齊          ,-23813.0,0.0,0.0,-23813.0
3311,閎暉            ,-46301.0,0.0,0.0,-46301.0
"=""00702""",國泰標普低波高息,-75950.0,0.0,0.0,-75950.0
4438,廣越            ,-46000.0,0.0,0.0,-46000.0
8011,台通            ,-19497.0,0.0,0.0,-19497.0
3010,華立            ,-30702.0,0.0,0.0,-30702.0
1503,士電            ,-53992.0,0.0,0.0,-53992.0
6994,富威電力        ,-50000.0,0.0,0.0,-50000.0
"=""00738U""",期元大道瓊白銀  ,-80000.0,0.0,0.0,-80000.0
3003,健和興          ,-54634.0,0.0,0.0,-54634.0
4583,台灣精銳        ,-69446.0,0.0,0.0,-69446.0
"=""00643""",群益深証中小    ,-376000.0,0.0,0.0,-376000.0
3024,憶聲            ,-52187.0,0.0,0.0,-52187.0
5222,全訊            ,-57860.0,0.0,-4000.0,-61860.0
"=""00963""",中信全球高股息  ,-335000.0,0.0,0.0,-335000.0
6278,台表科          ,-19662.0,0.0,0.0,-19662.0
6830,汎銓            ,-59343.0,0.0,0.0,-59343.0
9955,佳龍            ,-60031.0,0.0,0.0,-60031.0
3138,耀登            ,-62437.0,0.0,0.0,-62437.0
2516,新建            ,-67000.0,0.0,0.0,-67000.0
2038,海光            ,-64055.0,0.0,0.0,-64055.0
1305,華夏            ,-115987.0,0.0,0.0,-115987.0
3563,牧德            ,-78049.0,0.0,0.0,-78049.0
3042,晶技            ,-46130.0,0.0,-8000.0,-54130.0
3050,鈺德            ,-70010.0,0.0,0.0,-70010.0
8110,華東            ,-83000.0,0.0,0.0,-83000.0
6885,全福生技        ,-72000.0,0.0,0.0,-72000.0
1409,新纖            ,-33732.0,0.0,0.0,-33732.0
6152,百一            ,-74000.0,0.0,0.0,-74000.0
3046,建            ,-74000.0,0.0,0.0,-74000.0
"=""00678""",群益那斯達克生技,-2000.0,0.0,0.0,-2000.0
"=""00737""",國泰AI機器人    ,-95000.0,0.0,0.0,-95000.0
910322,康師傅-DR       ,-78000.0,0.0,0.0,-78000.0
1714,和桐            ,-87950.0,0.0,0.0,-87950.0
4960,誠美材          ,-67021.0,0.0,0.0,-67021.0
2428,興勤            ,-82993.0,0.0,0.0,-82993.0
8473,山林水          ,-79309.0,0.0,0.0,-79309.0
2031,新光鋼          ,-72976.0,0.0,0.0,-72976.0
2371,大同            ,129441.0,0.0,0.0,129441.0
9935,慶豐富          ,-64770.0,0.0,0.0,-64770.0
9939,宏全            ,-85206.0,0.0,-3000.0,-88206.0
2233,宇隆            ,-82822.0,0.0,0.0,-82822.0
"=""00693U""",期街口S&P黃豆   ,-38000.0,0.0,0.0,-38000.0
1795,美時            ,-81095.0,0.0,0.0,-81095.0
3041,揚智            ,-101621.0,0.0,0.0,-101621.0
2349,錸德            ,-99412.0,0.0,0.0,-99412.0
5434,崇越            ,83008.0,0.0,-164000.0,-80992.0
6153,嘉聯益          ,-115863.0,0.0,0.0,-115863.0
6472,保瑞            ,-74900.0,0.0,0.0,-74900.0
3356,奇偶            ,-93286.0,0.0,0.0,-93286.0
3022,威強電          ,-97251.0,0.0,0.0,-97251.0
1590,亞德客-KY       ,-176925.0,0.0,76000.0,-100925.0
1809,中釉            ,-101057.0,0.0,0.0,-101057.0
6438,迅得            ,-4822.0,0.0,-78000.0,-82822.0
9910,豐泰            ,2781.0,0.0,0.0,2781.0
1466,聚隆            ,-106512.0,0.0,0.0,-106512.0
1608,華榮            ,-96029.0,0.0,0.0,-96029.0
3312,弘憶股          ,-111028.0,0.0,0.0,-111028.0
8072,陞泰            ,-93107.0,0.0,0.0,-93107.0
2436,偉詮電          ,-116036.0,0.0,0.0,-116036.0
"=""00639""",富邦深100       ,-142000.0,0.0,0.0,-142000.0
1337,再生-KY         ,-116323.0,0.0,0.0,-116323.0
3443,創意            ,-108190.0,0.0,1000.0,-107190.0
6670,復盛應用        ,-32794.0,0.0,-75000.0,-107794.0
1532,勤美            ,-352797.0,0.0,208074.0,-144723.0
"=""00960""",野村全球航運龍頭,3000.0,0.0,0.0,3000.0
"=""0061""",元大寶滬深      ,-46000.0,0.0,0.0,-46000.0
2464,盟立            ,-117159.0,0.0,0.0,-117159.0
7705,三商餐飲        ,-126000.0,0.0,0.0,-126000.0
4766,南寶            ,-125838.0,0.0,1000.0,-124838.0
3014,聯陽            ,-127987.0,0.0,-3670.0,-131657.0
1529,樂事綠能        ,-150827.0,0.0,0.0,-150827.0
3708,上緯投控        ,-131034.0,0.0,0.0,-131034.0
2426,鼎元            ,-159299.0,0.0,0.0,-159299.0
6541,泰福-KY         ,-135780.0,0.0,0.0,-135780.0
"=""00683L""",期元大美元指正2 ,-36000.0,0.0,0.0,-36000.0
6446,藥華藥          ,32440.0,0.0,-174055.0,-141615.0
1231,聯華食          ,-142950.0,0.0,0.0,-142950.0
2385,群光            ,-113769.0,0.0,-20000.0,-133769.0
3051,力特            ,-140761.0,0.0,0.0,-140761.0
2534,宏盛            ,-78854.0,0.0,0.0,-78854.0
6691,洋基工程        ,-143233.0,0.0,0.0,-143233.0
1526,日馳            ,-140953.0,0.0,0.0,-140953.0
6768,志強-KY         ,-144660.0,0.0,0.0,-144660.0
6415,矽力*-KY        ,-92757.0,0.0,-41000.0,-133757.0
6706,惠特            ,-151750.0,0.0,0.0,-151750.0
"=""00908""",富邦入息REITs+  ,59000.0,0.0,0.0,59000.0
"=""00635U""",期元大S&P黃金   ,526900.0,0.0,0.0,526900.0
6834,天二科技        ,-164365.0,0.0,0.0,-164365.0
6668,中揚光          ,-163903.0,0.0,0.0,-163903.0
1314,中石化          ,-117997.0,0.0,0.0,-117997.0
2492,華新科          ,78045.0,0.0,0.0,78045.0
"=""00916""",國泰全球品牌50  ,-484000.0,0.0,0.0,-484000.0
1597,直得            ,-134891.0,0.0,0.0,-134891.0
6782,視陽            ,-130453.0,0.0,-50000.0,-180453.0
"=""00636""",國泰中國A50     ,-221000.0,0.0,0.0,-221000.0
3653,健策            ,-288569.0,0.0,108000.0,-180569.0
6873,泓德能源        ,-175600.0,0.0,0.0,-175600.0
1464,得力            ,-175000.0,0.0,0.0,-175000.0
2852,第一保          ,-160086.0,0.0,0.0,-160086.0
2530,華建            ,-192481.0,0.0,0.0,-192481.0
6139,亞翔            ,-189050.0,0.0,-23000.0,-212050.0
"=""00917""",中信特選金融    ,-261000.0,0.0,0.0,-261000.0
2231,為升            ,-197235.0,0.0,0.0,-197235.0
2395,研華            ,67320.0,0.0,-272098.0,-204778.0
"=""00898""",國泰基因免疫革命,-122000.0,0.0,0.0,-122000.0
8215,明基材          ,762033.0,0.0,-973535.0,-211502.0
"=""00700""",富邦琤肭磪    ,-37000.0,0.0,0.0,-37000.0
3037,欣興            ,-166426.0,0.0,-277.0,-166703.0
2468,華經            ,-218332.0,0.0,0.0,-218332.0
6550,北極星藥業-KY   ,-219893.0,0.0,0.0,-219893.0
3528,安馳            ,-272138.0,0.0,0.0,-272138.0
8374,羅昇            ,-225887.0,0.0,0.0,-225887.0
2538,基泰            ,-221010.0,0.0,0.0,-221010.0
6176,瑞儀            ,-86000.0,0.0,-177287.0,-263287.0
2401,凌陽            ,-228200.0,0.0,0.0,-228200.0
4967,十銓            ,-227083.0,0.0,0.0,-227083.0
"=""00709""",富邦歐洲        ,-2754.0,0.0,0.0,-2754.0
3413,京鼎            ,-225838.0,0.0,0.0,-225838.0
1711,永光            ,-271127.0,0.0,0.0,-271127.0
"=""00654R""",富邦印度反1     ,0.0,0.0,0.0,0.0
"=""00865B""",國泰US短期公債  ,0.0,0.0,0.0,0.0
1319,東陽            ,339807.0,0.0,-725000.0,-385193.0
"=""00653L""",富邦印度正2     ,-85000.0,0.0,0.0,-85000.0
1524,耿鼎            ,-245349.0,0.0,0.0,-245349.0
4915,致伸            ,-270493.0,0.0,-12000.0,-282493.0
8996,高力            ,-276069.0,0.0,7000.0,-269069.0
6197,佳必琪          ,-270666.0,0.0,0.0,-270666.0
4576,大銀微系統      ,-264057.0,0.0,0.0,-264057.0
2486,一詮            ,-255207.0,0.0,0.0,-255207.0
4977,眾達-KY         ,-305998.0,0.0,0.0,-305998.0
1718,中纖            ,-307437.0,0.0,0.0,-307437.0
6558,興能高          ,-280166.0,0.0,0.0,-280166.0
6781,AES-KY          ,-259785.0,0.0,-17000.0,-276785.0
3533,嘉澤            ,-39558.0,0.0,-250900.0,-290458.0
1786,科妍            ,-294081.0,0.0,0.0,-294081.0
4927,泰鼎-KY         ,-309084.0,0.0,0.0,-309084.0
"=""00652""",富邦印度        ,-201790.0,0.0,0.0,-201790.0
2211,長榮鋼          ,-459516.0,0.0,162707.0,-296809.0
"=""00852L""",國泰美國道瓊正2 ,-98000.0,0.0,0.0,-98000.0
6753,龍德造船        ,-311002.0,0.0,-6000.0,-317002.0
4532,瑞智            ,-305298.0,0.0,0.0,-305298.0
2204,中華            ,-284547.0,0.0,-51876.0,-336423.0
2365,昆盈            ,-343891.0,0.0,0.0,-343891.0
2548,華固            ,-379982.0,0.0,0.0,-379982.0
3605,宏致            ,-494844.0,0.0,0.0,-494844.0
2606,裕民            ,-305765.0,0.0,-43000.0,-348765.0
2637,慧洋-KY         ,-316075.0,0.0,-28000.0,-344075.0
4526,東台            ,-364000.0,0.0,0.0,-364000.0
2465,麗臺            ,-355000.0,0.0,0.0,-355000.0
1326,台化            ,-425883.0,0.0,-15000.0,-440883.0
3673,TPK-KY          ,-334642.0,0.0,0.0,-334642.0
9958,世紀鋼          ,-389229.0,0.0,0.0,-389229.0
2359,所羅門          ,-520700.0,0.0,0.0,-520700.0
6805,富世達          ,-827345.0,0.0,395000.0,-432345.0
3060,銘異            ,-391121.0,0.0,0.0,-391121.0
3711,日月光投控      ,-357799.0,0.0,-57688.0,-415487.0
4904,遠傳            ,-401011.0,0.0,-36377.0,-437388.0
8104,錸寶            ,-401328.0,0.0,0.0,-401328.0
4916,事欣科          ,-375135.0,0.0,0.0,-375135.0
2466,冠西電          ,-407679.0,0.0,0.0,-407679.0
3167,大量            ,-416145.0,0.0,0.0,-416145.0
8249,菱光            ,-420640.0,0.0,0.0,-420640.0
6790,永豐實          ,191000.0,0.0,-626492.0,-435492.0
2484,希華            ,-451068.0,0.0,0.0,-451068.0
2883B,凱基金乙特      ,-357000.0,0.0,0.0,-357000.0
1536,和大            ,-614200.0,0.0,41000.0,-573200.0
"=""00972""",野村日本動能高息,238000.0,0.0,0.0,238000.0
3034,聯詠            ,-201778.0,0.0,-283516.0,-485294.0
3705,永信            ,-484969.0,0.0,0.0,-484969.0
"=""00897""",富邦基因免疫生技,-900000.0,0.0,0.0,-900000.0
2528,皇普            ,-417533.0,0.0,0.0,-417533.0
2327,國巨            ,-423991.0,0.0,-1364.0,-425355.0
8114,振樺電          ,-476706.0,0.0,0.0,-476706.0
4938,和碩            ,-413738.0,0.0,-52435.0,-466173.0
6695,芯鼎            ,-483819.0,0.0,0.0,-483819.0
6936,永鴻生技        ,-500000.0,0.0,0.0,-500000.0
2425,承啟            ,-501002.0,0.0,0.0,-501002.0
2540,愛山林          ,-498019.0,0.0,0.0,-498019.0
2387,精元            ,-492976.0,0.0,0.0,-492976.0
"=""00676R""",富邦臺灣加權反1 ,0.0,0.0,0.0,0.0
"=""00926""",凱基全球菁英55  ,-940900.0,0.0,0.0,-940900.0
8103,瀚荃            ,-508883.0,0.0,0.0,-508883.0
4958,臻鼎-KY         ,-450472.0,0.0,-16000.0,-466472.0
1736,喬山            ,-598823.0,0.0,68000.0,-530823.0
1810,和成            ,-540477.0,0.0,0.0,-540477.0
1522,堤維西          ,-538058.0,0.0,0.0,-538058.0
3617,碩天            ,-405496.0,0.0,-100000.0,-505496.0
4545,銘鈺            ,-551136.0,0.0,0.0,-551136.0
2353,宏            ,-315012.0,0.0,-29000.0,-344012.0
4562,穎漢            ,-580000.0,0.0,0.0,-580000.0
1618,合機            ,-576006.0,0.0,0.0,-576006.0
3447,展達            ,-575000.0,0.0,0.0,-575000.0
"=""00763U""",期街口道瓊銅    ,-72000.0,0.0,0.0,-72000.0
6789,采鈺            ,-606076.0,0.0,0.0,-606076.0
3047,訊舟            ,-597134.0,0.0,0.0,-597134.0
2472,立隆電          ,-593984.0,0.0,0.0,-593984.0
"=""00708L""",期元大S&P黃金正2,-101000.0,0.0,0.0,-101000.0
"=""009801""",中信美國創新科技,-2330000.0,0.0,0.0,-2330000.0
"=""00956""",中信日經高股息  ,-94000.0,0.0,0.0,-94000.0
"=""00670L""",富邦NASDAQ正2   ,-187000.0,0.0,0.0,-187000.0
1514,亞力            ,-680187.0,0.0,0.0,-680187.0
1721,三晃            ,-757411.0,0.0,0.0,-757411.0
9802,鈺齊-KY         ,86144.0,0.0,-755000.0,-668856.0
1218,泰山            ,-691787.0,0.0,0.0,-691787.0
3702,大聯大          ,-662502.0,0.0,-52000.0,-714502.0
8033,雷虎            ,-757042.0,0.0,0.0,-757042.0
2630,亞航            ,-655112.0,0.0,0.0,-655112.0
6890,來億-KY         ,-844199.0,0.0,0.0,-844199.0
1308,亞聚            ,1133617.0,0.0,-2029882.0,-896265.0
3661,世芯-KY         ,-905953.0,0.0,5684.0,-900269.0
3712,永崴投控        ,-1005027.0,0.0,128545.0,-876482.0
2867,三商壽          ,-914000.0,0.0,0.0,-914000.0
3045,台灣大          ,-1249258.0,0.0,256684.0,-992574.0
3376,新日興          ,-878481.0,0.0,-41000.0,-919481.0
2374,佳能            ,-1050687.0,0.0,0.0,-1050687.0
6206,飛捷            ,-802390.0,0.0,-220000.0,-1022390.0
5521,工信            ,-979010.0,0.0,0.0,-979010.0
6177,達麗            ,-955281.0,0.0,0.0,-955281.0
"=""00830""",國泰費城半導體  ,-4655632.0,0.0,0.0,-4655632.0
1402,遠東新          ,-742893.0,0.0,-327000.0,-1069893.0
3032,偉訓            ,-1119380.0,0.0,0.0,-1119380.0
2049,上銀            ,-1190288.0,0.0,0.0,-1190288.0
"=""00900""",富邦特選高股息30,1462000.0,0.0,0.0,1462000.0
2312,金寶            ,-1301221.0,0.0,0.0,-1301221.0
1513,中興電          ,-1280921.0,0.0,-19000.0,-1299921.0
"=""00752""",中信中國50      ,-509000.0,0.0,0.0,-509000.0
2498,宏達電          ,-1267620.0,0.0,29000.0,-1238620.0
6215,和椿            ,-1485740.0,0.0,0.0,-1485740.0
"=""00949""",復華日本龍頭    ,-1042985.0,0.0,0.0,-1042985.0
"=""00757""",統一FANG+       ,-853268.0,0.0,0.0,-853268.0
3013,晟銘電          ,-1582787.0,0.0,34000.0,-1548787.0
8222,寶一            ,-1668593.0,0.0,0.0,-1668593.0
2344,華邦電          ,-1888900.0,0.0,0.0,-1888900.0
"=""00924""",復華S&P500成長  ,-1709062.0,0.0,0.0,-1709062.0
"=""00673R""",期元大S&P原油反1,-40000.0,0.0,0.0,-40000.0
"=""009800""",中信NASDAQ      ,-1690000.0,0.0,0.0,-1690000.0
2547,日勝生          ,-1827818.0,0.0,0.0,-1827818.0
2634,漢翔            ,-2131903.0,0.0,-41000.0,-2172903.0
2354,鴻準            ,-2062903.0,0.0,0.0,-2062903.0
2399,映泰            ,-2287860.0,0.0,0.0,-2287860.0
"=""00641R""",富邦日本反1     ,0.0,0.0,0.0,0.0
2429,銘旺科          ,-2523047.0,0.0,0.0,-2523047.0
"=""00891""",中信關鍵半導體  ,333000.0,0.0,0.0,333000.0
"=""00688L""",國泰20年美債正2 ,81000.0,0.0,0.0,81000.0
"=""00646""",元大S&P500      ,-207975.0,0.0,0.0,-207975.0
2014,中鴻            ,-3029000.0,0.0,-12000.0,-3041000.0
"=""00882""",中信中國高股息  ,-2292000.0,0.0,0.0,-2292000.0
"=""00713""",元大台灣高息低波,-369325.0,0.0,160000.0,-209325.0
2313,華通            ,-4061775.0,0.0,8000.0,-4053775.0
"=""00945B""",凱基美國非投等債,-5393000.0,0.0,0.0,-5393000.0
2618,長榮航          ,-4653916.0,0.0,-305000.0,-4958916.0
"=""00664R""",國泰臺灣加權反1 ,0.0,0.0,0.0,0.0
"=""00680L""",元大美債20正2   ,580000.0,0.0,0.0,580000.0
"=""00980A""",主動野村臺灣優選,5000.0,0.0,0.0,5000.0
"=""00919""",群益台灣精選高息,-3459455.0,0.0,0.0,-3459455.0
2331,精英            ,-5645692.0,0.0,0.0,-5645692.0
"=""00650L""",復華香港正2     ,-2059000.0,0.0,0.0,-2059000.0
"=""00953B""",群益優選非投等債,-7328000.0,0.0,0.0,-7328000.0
"=""00632R""",元大台灣50反1   ,13881000.0,0.0,0.0,13881000.0
2408,南亞科          ,-6432085.0,0.0,-15000.0,-6447085.0
"=""00712""",復華富時不動產  ,-5744730.0,0.0,0.0,-5744730.0
"=""00665L""",富邦琤肭磪囓2 ,-3764000.0,0.0,0.0,-3764000.0
2027,大成鋼          ,-2778254.0,0.0,-4876000.0,-7654254.0
2882,國泰金          ,-4471262.0,0.0,-4401962.0,-8873224.0
"=""00674R""",期元大S&P黃金反1,-111000.0,0.0,0.0,-111000.0
"=""00753L""",中信中國50正2   ,-4985000.0,0.0,0.0,-4985000.0
3706,神達            ,-11453390.0,0.0,0.0,-11453390.0
"=""00706L""",期元大S&P日圓正2,-920000.0,0.0,0.0,-920000.0
9105,泰金寶-DR       ,-14099850.0,0.0,0.0,-14099850.0
2881,富邦金          ,-13957791.0,0.0,-2463120.0,-16420911.0
"=""00878""",國泰永續高股息  ,630422.0,0.0,0.0,630422.0
3481,群創            ,-27248121.0,0.0,2295000.0,-24953121.0
ETF證券代號第六碼為K、M、S、C者，表示該ETF以外幣交易。,,,,,
